Methode,Training MSE,Training R2,Testing MSE,Testing R2
Linear Regression,1.007536295109369,0.7645051774663391,1.0206953660861033,0.7891616188563282
Random Forest,0.08386526758305991,0.9803978909721889,0.6523715360760819,0.8652438688950719
